Workbook

Sheet 차림표(안)
A1: 5월 수용자 부식물 차림표
A2: 공주교도소
A3: 구 분 | D3: 아 침 | E3: 점 심 | F3: 저 녁
A4: 일 (3,10,17,24,31) | D4: =[1]차림표!C35 -> 소고기무국 | E4: =[1]차림표!F35 -> 수제비국 | F4: =[1]차림표!I35 -> 곰탕
D5: =[1]차림표!C36 -> 깻잎지 | E5: =[1]차림표!F36 -> 두부조림 | F5: =[1]차림표!I36 -> 풋고추/된장
D6: =[1]차림표!C37 -> 배추김치 | E6: =[1]차림표!F37 -> 상추무침 | F6: =[1]차림표!I37 -> 조미김
E7: =[1]차림표!F38 -> 깍두기 | F7: =[1]차림표!I38 -> 배추김치
A8: 월 (4,11,18,25) | D8: =[1]차림표!C5 -> 북어국 | E8: =[1]차림표!F5 -> 김치콩나물국 | F8: =[1]차림표!I5 -> 감자미역국
D9: =[1]차림표!C6 -> 조미김 | E9: =[1]차림표!F6 -> 어묵간장볶음 | F9: =[1]차림표!I6 -> 멸치볶음
D10: =[1]차림표!C7 -> 무말랭이무침 | E10: =[1]차림표!F7 -> 참나물겉절이 | F10: =[1]차림표!I7 -> 마늘장아찌
D11: =[1]차림표!C8 -> 배추김치 | E11: =[1]차림표!F8 -> 배추김치 | F11: =[1]차림표!I8 -> 깍두기
A12: 화 (5,12,19,26) | D12: =[1]차림표!C10 -> 모닝빵4개 | E12: =[1]차림표!F10 -> 부대찌개 | F12: =[1]차림표!I10 -> 시금치국
D13: =[1]차림표!C11 -> 딸기잼3개 | E13: =[1]차림표!F11 -> 부추전 | F13: =[1]차림표!I11 -> 돈육김치볶음
D14: =[1]차림표!C12 -> 떠먹는요구르트 | E14: =[1]차림표!F12 -> 콩나물무침 | F14: =[1]차림표!I12 -> 양파·쌈장
D15: =[1]차림표!C13 -> 소고기스프 | E15: =[1]차림표!F13 -> 깍두기 | F15: =[1]차림표!I13 -> 배추김치
A16: 수 (6,13,20,27) | D16: =[1]차림표!C15 -> 어묵국 | E16: =[1]차림표!F15 -> 열무된장국 | F16: =[1]차림표!I15 -> 미역국
D17: =[1]차림표!C16 -> 땅콩조림 | E17: =[1]차림표!F16 -> 닭김치볶음 | F17: =[1]차림표!I16 -> 잡채
D18: =[1]차림표!C17 -> 조미김 | E18: =[1]차림표!F17 -> 김4장·양념장 | F18: =[1]차림표!I17 -> 오이양파무침
D19: =[1]차림표!C18 -> 배추김치 | E19: =[1]차림표!F18 -> 깍두기 | F19: =[1]차림표!I18 -> 배추김치
A20: 목 (7,14,21,28) | D20: =[1]차림표!C20 -> 아욱국 | E20: =[1]차림표!F20 -> 된장찌개 | F20: =[1]차림표!I20 -> 참치찌개
D21: =[1]차림표!C21 -> 파래자반 | E21: =[1]차림표!F21 -> 순대채소볶음 | F21: =[1]차림표!I21 -> 미역줄기볶음
D22: =[1]차림표!C22 -> 두유 | E22: =[1]차림표!F22 -> 풋고추/된장 | F22: =[1]차림표!I22 -> 오복채무침
D23: =[1]차림표!C23 -> 깍두기 | E23: =[1]차림표!F23 -> 배추김치 | F23: =[1]차림표!I23 -> 깍두기
A24: 금 (1,8,15,22,29) | D24: =[1]차림표!C25 -> 소고기미역국 | E24: =[1]차림표!F25 -> 콩나물국 | F24: =[1]차림표!I25 -> 달걀파국
D25: =[1]차림표!C26 -> 무말랭이무침 | E25: =[1]차림표!F26 -> 고구마닭강정 | F25: =[1]차림표!I26 -> 카레
D26: =[1]차림표!C27 -> 연근조림 | E26: =[1]차림표!F27 -> 양배추콘샐러드 | F26: =[1]차림표!I27 -> 단무지
D27: =[1]차림표!C28 -> 배추김치 | E27: =[1]차림표!F28 -> 배추김치 | F27: =[1]차림표!I28 -> 배추김치
A28: 토 (2,9,16,23,30) | D28: =[1]차림표!C30 -> 식빵4장 | E28: =[1]차림표!F30 -> 어묵국 | F28: =[1]차림표!I30 -> 근대국
D29: =[1]차림표!C31 -> 딸기잼3개 | E29: =[1]차림표!F31 -> 떡볶이 | F29: =[1]차림표!I31 -> 코다리조림
D30: =[1]차림표!C32 -> 채소샐러드 | E30: =[1]차림표!F32 -> 만두튀김 | F30: =[1]차림표!I32 -> 고추지무침
D31: =[1]차림표!C33 -> 바나나우유 | E31: =[1]차림표!F33 -> 배추김치 | F31: =[1]차림표!I33 -> 배추김치
A32: ※ 원산지 : 소고기(호주산), 돼지고기(국내산), 닭고기(국내산), 오리고기(국내산), 꽃게(중국산)
A33: 갈치(남아공산), 고등어(국내산), 낙지(중국산,베트남), 명태·동태·코다리(러시아산), 오징어(수입산)
A34: 조기(중국산), 두부(콩-수입산), 밥·죽(국내산), 배추김치(배추-국내산, 고추가루-중국산),돈목뼈(스페인산)
